empty;0;0;0;0
Afghanistan;1;5;0;20
Albania;1;1;0;35
Algeria;1;4;0;45
American Samoa;1;6;0;3
Andorra;1;1;0;18
Angola;1;4;0;36
Anguilla;1;3;0;6
Antigua & Barbuda;1;3;0;15
Argentina;1;2;0;57
Armenia;1;1;0;31
Aruba;1;3;0;7
Australia;1;5;0;46
Austria;1;1;0;47
Azerbaijan;1;1;0;29
Bahamas;1;3;0;8
Bahrain;1;5;0;40
Bangladesh;1;5;0;12
Barbados;1;3;0;13
Belarus;1;1;0;32
Belgium;1;1;0;58
Belize;1;3;0;21
Benin;1;4;0;33
Bermuda;1;3;0;18
Bhutan;1;5;0;16
Bolivia;1;2;0;40
Bonaire;1;3;0;15
Bosnia-Herzegovina;1;1;0;45
Botswana;1;4;0;28
Brazil;1;2;0;58
British Virgin Isl.;1;3;0;2
Brunei;1;5;0;9
Bulgaria;1;1;0;33
Burkina Faso;1;4;0;43
Burundi;1;4;0;33
Cambodia;1;5;0;18
Cameroon;1;4;0;48
Canada;1;3;0;42
Cape Verde;1;4;0;46
Cayman Islands;1;3;0;10
Cen. African Rep.;1;4;0;22
Chad;1;4;0;17
Chile;1;2;0;51
China PR;1;5;0;38
Chinese Taipei;1;5;0;28
Colombia;1;2;0;52
Comoros;1;4;0;26
Congo;1;4;0;31
Congo DR;1;4;0;39
Cook Islands;1;6;0;9
Costa Rica;1;3;0;41
Côte d'Ivoire;1;4;0;41
Croatia;1;1;0;53
Cuba;1;3;0;34
Curaçao;1;3;0;35
Cyprus;1;1;0;36
Czech Republic;1;1;0;48
Denmark;1;1;0;54
Djibouti;1;4;0;12
Dominica;1;3;0;11
Dominican Republic;1;3;0;13
Ecuador;1;2;0;50
Egypt;1;4;0;48
El Salvador;1;3;0;37
England;1;1;0;56
Equatorial Guinea;1;4;0;37
Eritrea;1;4;0;9
Estonia;1;1;0;30
Eswatini;1;4;0;22
Ethiopia;1;4;0;23
Faroe Islands;1;1;0;25
Fiji;1;6;0;11
Finland;1;1;0;43
France;1;1;0;59
French Guiana;1;3;0;37
Gabon;1;4;0;40
Gambia;1;4;0;35
Georgia;1;1;0;36
Germany;1;1;0;59
Ghana;1;4;0;49
Gibraltar;1;1;0;14
Greece;1;1;0;38
Grenada;1;3;0;24
Guadeloupe;1;3;0;32
Guam;1;5;0;7
Guatemala;1;3;0;29
Guinea;1;4;0;33
Guinea-Bissau;1;4;0;26
Guyana;1;3;0;20
Haiti;1;3;0;38
Honduras;1;3;0;40
Hong Kong;1;5;0;21
Hungary;1;1;0;48
Iceland;1;1;0;44
India;1;5;0;19
Indonesia;1;5;0;17
Iran;1;5;0;47
Iraq;1;5;0;40
Israel;1;1;0;41
Italy;1;1;0;57
Jamaica;1;3;0;41
Japan;1;5;0;49
Jordan;1;5;0;38
Kazakhstan;1;1;0;28
Kenya;1;4;0;30
Kiribati;1;6;0;3
Korea DPR;1;5;0;34
Korea Republic;1;5;0;47
Kosovo;1;1;0;35
Kuwait;1;5;0;35
Kyrgyzstan;1;5;0;28
Laos;1;5;0;21
Latvia;1;1;0;25
Lebanon;1;5;0;29
Lesotho;1;4;0;18
Liberia;1;4;0;21
Libya;1;4;0;24
Liechtenstein;1;1;0;20
Lithuania;1;1;0;28
Luxembourg;1;1;0;31
Macau;1;5;0;11
Madagascar;1;4;0;21
Malawi;1;4;0;19
Malaysia;1;5;0;18
Maldives;1;5;0;16
Mali;1;4;0;42
Malta;1;1;0;17
Martinique;1;3;0;10
Mauritania;1;4;0;29
Mauritius;1;4;0;20
Mexico;1;3;0;51
Moldova;1;1;0;28
Mongolia;1;5;0;17
Montenegro;1;1;0;32
Montserrat;1;3;0;14
Morocco;1;4;0;47
Mozambique;1;4;0;33
Myanmar;1;5;0;19
Namibia;1;4;0;27
Nepal;1;5;0;16
Netherlands;1;1;0;56
New Caledonia;1;6;0;14
New Zealand;1;6;0;34
Nicaragua;1;3;0;31
Niger;1;4;0;30
Nigeria;1;4;0;46
North Macedonia;1;1;0;40
Northern Ireland;1;1;0;35
Northern Mariana;1;5;0;7
Norway;1;1;0;43
Oman;1;5;0;39
Pakistan;1;5;0;14
Palestine;1;5;0;26
Panama;1;3;0;37
Papua New Guinea;1;6;0;19
Paraguay;1;2;0;48
Peru;1;2;0;51
Philippines;1;5;0;23
Poland;1;1;0;51
Portugal;1;1;0;55
Puerto Rico;1;3;0;13
Qatar;1;5;0;41
Rep. of Ireland;1;1;0;39
Réunion;1;4;0;13
Romania;1;1;0;41
Russia;1;1;0;46
Rwanda;1;4;0;29
Saint Lucia;1;3;0;17
Saint Martin;1;3;0;15
Samoa;1;6;0;14
San Marino;1;1;0;17
Sao Tome & Principe;1;4;0;17
Saudi Arabia;1;5;0;45
Scotland;1;1;0;46
Senegal;1;4;0;49
Serbia;1;1;0;50
Seychelles;1;4;0;15
Sierra Leone;1;4;0;32
Singapore;1;5;0;28
Sint Maarten;1;3;0;8
Slovakia;1;1;0;42
Slovenia;1;1;0;41
Solomon Islands;1;6;0;19
Somalia;1;4;0;11
South Africa;1;4;0;39
South Sudan;1;4;0;31
Spain;1;1;0;58
Sri Lanka;1;5;0;9
St Kitts and Nevis;1;3;0;21
St Vincent & Gren.;1;3;0;16
Sudan;1;4;0;32
Suriname;1;3;0;27
Sweden;1;1;0;47
Switzerland;1;1;0;53
Syria;1;5;0;41
Tahiti;1;6;0;14
Tajikistan;1;5;0;31
Tanzania;1;4;0;30
Thailand;1;5;0;32
Timor-Leste;1;5;0;10
Togo;1;4;0;33
Tonga;1;6;0;8
Trinidad & Tobago;1;3;0;36
Tunisia;1;4;0;46
Turkey;1;1;0;45
Turkmenistan;1;5;0;35
Turks and Caicos;1;3;0;6
Tuvalu;1;6;0;5
Uganda;1;4;0;38
Ukraine;1;1;0;51
United States;1;3;0;48
Uruguay;1;2;0;54
US Virgin Islands;1;3;0;4
Utd Arab Emirates;1;5;0;39
Uzbekistan;1;5;0;44
Vanuatu;1;6;0;10
Venezuela;1;2;0;42
Vietnam;1;5;0;39
Wales;1;1;0;49
Yemen;1;5;0;21
Zambia;1;4;0;40
Zanzibar;1;4;0;30
Zimbabwe;1;4;0;36
Bylis;2;2;1;26
Egnatia;2;2;1;25
Erzeni;2;2;1;26
Kastrioti;2;2;1;24
Kukesi;2;2;1;24
Laci;2;2;1;23
Partizani;2;2;1;28
Teuta;2;2;1;23
Tirana;2;2;1;27
Vilaznia;2;2;1;25
Atletic Escaldes;2;5;2;8
FC Santa Coloma;2;5;2;9
Inter Escaldes;2;5;2;7
Ordino;2;5;2;6
Penya;2;5;2;5
Sant Julia;2;5;2;7
UE Engordany;2;5;2;6
UE Santa Coloma;2;5;2;8
Alashkert;2;10;3;24
Ararat;2;10;3;22
Ararat-Armenia;2;10;3;23
BKMA;2;10;3;20
Lernayin Artsakh;2;10;3;21
Noah;2;10;3;19
Pyunik;2;10;3;26
Shirak;2;10;3;20
Urartu;2;10;3;24
Van;2;10;3;22
A. Klagenfurt;2;13;4;48
A. Lustenau;2;13;4;46
Altach;2;13;4;45
Austria Vienna;2;13;4;47
Hartberg;2;13;4;45
LASK;2;13;4;48
Rapid Vienna;2;13;4;49
Ried;2;13;4;46
Salzburg;2;13;4;51
Sturm Graz;2;13;4;50
Tirol;2;13;4;47
Wolfsberger;2;13;4;47
Admira;2;13;5;42
Amstetten;2;13;5;43
Austria II;2;13;5;39
BW Linz;2;13;5;42
Dornbirn;2;13;5;40
First Vienna;2;13;5;44
Floridsdorfer;2;13;5;45
Grazer;2;13;5;40
Horn;2;13;5;45
Kapfenberg;2;13;5;37
Lafnitz;2;13;5;41
Liefering;2;13;5;38
Rapid Am;2;13;5;38
St. Polten;2;13;5;43
Sturm Graz Am;2;13;5;40
Vorwarts Steyr;2;13;5;37
Gabala;2;14;6;38
Kapaz;2;14;6;36
Nefci Baku;2;14;6;42
Qarabag;2;14;6;48
Sabah Baku;2;14;6;40
Sabail;2;14;6;39
Shamakhi;2;14;6;35
Sumqayit;2;14;6;36
Turan;2;14;6;37
Zira;2;14;6;40
Arsenal Dzyarzhynsk;2;19;7;38
BATE;2;19;7;46
Belshina;2;19;7;40
Din. Minsk;2;19;7;43
Dnepr Mogilev;2;19;7;37
Dynamo Brest;2;19;7;39
Energetik-BGU;2;19;7;44
FC Gomel;2;19;7;42
FC Minsk;2;19;7;41
Isloch;2;19;7;43
Neman;2;19;7;41
Shakhtyor Soligorsk;2;19;7;44
Slavia Mozyr;2;19;7;40
Slutsk;2;19;7;39
Vitebsk;2;19;7;38
Zhodino;2;19;7;42
Anderlecht;2;20;8;52
Antwerp;2;20;8;51
Cercle Brugge;2;20;8;47
Charleroi;2;20;8;49
Club Brugge;2;20;8;53
Eupen;2;20;8;46
Genk;2;20;8;51
Gent;2;20;8;52
Kortijk;2;20;8;46
Leuven;2;20;8;50
Mechelen;2;20;8;48
Oostende;2;20;8;47
Royale Union SG;2;20;8;52
Seraing;2;20;8;48
St. Truiden;2;20;8;49
Standard Liege;2;20;8;51
Waregem;2;20;8;45
Westerlo;2;20;8;50
Anderlecht U23;2;20;9;44
Beerschot;2;20;9;43
Beveren;2;20;9;45
Club Brugge U23;2;20;9;43
Deinze;2;20;9;41
Dender;2;20;9;40
Genk U23;2;20;9;40
Lierse;2;20;9;45
Lommel;2;20;9;42
RWDM 47;2;20;9;44
St. Liege U23;2;20;9;42
Virton;2;20;9;41
Borac Banja Luka;2;27;10;27
Igman;2;27;10;24
Leotar;2;27;10;22
Posusje;2;27;10;25
Sarajevo;2;27;10;26
Siroki Brijeg;2;27;10;28
Sloboda;2;27;10;23
Sloga Doboj;2;27;10;26
Tuzla City;2;27;10;26
Velez Mostar;2;27;10;25
Zeljeznicar;2;27;10;27
Zrinjski;2;27;10;28
Arda;2;32;11;42
Beroe;2;32;11;42
Botev Plovdiv;2;32;11;41
Botev Vratsa;2;32;11;43
Cherno More;2;32;11;45
CSKA 1948;2;32;11;46
CSKA Sofia;2;32;11;46
Hebar;2;32;11;43
Levski Sofia;2;32;11;46
Lokomotiv Plovdiv;2;32;11;45
Lokomotiv Sofia;2;32;11;44
Ludogorets Razgrad;2;32;11;48
Pirin Blagoevgrad;2;32;11;41
Septemvri Sofia;2;32;11;41
Slavia Sofia;2;32;11;45
Spartak Varna;2;32;11;40
Dinamo Zagreb;2;52;12;51
Gorica;2;52;12;43
Hajduk Split;2;52;12;50
Istra 1961;2;52;12;46
Lokomotiva;2;52;12;45
Osijek;2;52;12;49
Rijeka;2;52;12;44
Šibenik;2;52;12;45
Slaven Belupo;2;52;12;47
Varaždin;2;52;12;46
AEK Larnaca;2;55;13;42
AEL Limassol;2;55;13;38
Anorthosis;2;55;13;41
APOEL;2;55;13;41
Apollon;2;55;13;42
Aris;2;55;13;40
Chioraka;2;55;13;34
Doxa;2;55;13;37
Karmiotissa;2;55;13;38
Nea Salamis;2;55;13;41
Ol. Nicosia;2;55;13;35
Omonia;2;55;13;40
Paphos;2;55;13;42
Paralimni;2;55;13;36
Banik Ostrava;2;56;14;44
Bohemians;2;56;14;48
Brno;2;56;14;46
Ceske Budejovice;2;56;14;47
Hradec Kralove;2;56;14;49
Jablonec;2;56;14;46
Liberec;2;56;14;47
Mlada Boleslav;2;56;14;45
Pardubice;2;56;14;43
Plzen;2;56;14;50
Sigma Olomouc;2;56;14;48
Slavia Prague;2;56;14;50
Slovacko;2;56;14;45
Sparta Prague;2;56;14;49
Teplice;2;56;14;44
Zlin;2;56;14;43
Aalborg;2;57;15;48
Aarhus;2;57;15;46
Brondby;2;57;15;48
Copenhagen;2;57;15;50
Horsens;2;57;15;47
Lyngby;2;57;15;46
Midtjylland;2;57;15;48
Nordsjaelland;2;57;15;49
Odense;2;57;15;49
Randers;2;57;15;47
Silkeborg;2;57;15;47
Viborg;2;57;15;46
Arsenal;2;64;16;59
Aston Villa;2;64;16;54
Bournemouth;2;64;16;53
Brentford;2;64;16;54
Brighton;2;64;16;56
Chelsea;2;64;16;59
Crystal Palace;2;64;16;55
Everton;2;64;16;55
Fulham;2;64;16;54
Leeds;2;64;16;55
Leicester;2;64;16;55
Liverpool;2;64;16;59
Man City;2;64;16;60
Man Utd;2;64;16;58
Newcastle;2;64;16;56
Nottm Forest;2;64;16;53
Southampton;2;64;16;54
Tottenham;2;64;16;59
West Ham;2;64;16;56
Wolves;2;64;16;55
Birmingham;2;64;17;46
Blackburn;2;64;17;51
Blackpool;2;64;17;46
Bristol City;2;64;17;47
Burnley;2;64;17;53
Cardiff;2;64;17;47
Coventry;2;64;17;43
Huddersfield;2;64;17;44
Hull City;2;64;17;45
Luton;2;64;17;50
Middlesbrough;2;64;17;44
Millwall;2;64;17;50
Norwich;2;64;17;53
Preston;2;64;17;49
QPR;2;64;17;51
Reading;2;64;17;50
Rotherham;2;64;17;48
Sheffield Utd;2;64;17;52
Stoke;2;64;17;49
Sunderland;2;64;17;47
Swansea;2;64;17;49
Watford;2;64;17;51
West Bromwich;2;64;17;45
Wigan;2;64;17;48
Accrington;2;64;18;37
Barnsley;2;64;18;41
Bolton;2;64;18;41
Bristol Rovers;2;64;18;39
Burton;2;64;18;35
Cambridge;2;64;18;37
Charlton;2;64;18;38
Cheltenham;2;64;18;36
Derby;2;64;18;40
Exeter;2;64;18;40
Fleetwood;2;64;18;38
Forest Green;2;64;18;36
Ipswich;2;64;18;42
Lincoln;2;64;18;39
MK Dons;2;64;18;36
Morecambe;2;64;18;35
Oxford;2;64;18;37
Peterborough;2;64;18;41
Plymouth;2;64;18;43
Port Vale;2;64;18;38
Portsmouth;2;64;18;42
Sheffield Wed;2;64;18;42
Shrewsbury;2;64;18;40
Wycombe;2;64;18;39
Barrow;2;64;19;32
Bradford City;2;64;19;33
Carlisle;2;64;19;34
Colchester;2;64;19;28
Crawley;2;64;19;28
Crewe;2;64;19;31
Doncaster;2;64;19;31
Gillingham;2;64;19;29
Grimsby;2;64;19;32
Harrogate;2;64;19;29
Hartlepool;2;64;19;27
Leyton Orient;2;64;19;34
Mansfield;2;64;19;34
Newport;2;64;19;29
Northampton;2;64;19;35
Rochdale;2;64;19;28
Salford;2;64;19;33
Stevenage;2;64;19;35
Stockport;2;64;19;30
Sutton;2;64;19;31
Swindon;2;64;19;33
Tranmere;2;64;19;32
Walsall;2;64;19;30
Wimbledon;2;64;19;30
Aldershot;2;64;20;20
Altrincham;2;64;20;22
Barnet;2;64;20;23
Boreham Wood;2;64;20;26
Bromley;2;64;20;26
Chesterfield;2;64;20;26
Dag & Red;2;64;20;24
Dorking;2;64;20;22
Eastleigh;2;64;20;24
Gateshead;2;64;20;21
Halifax;2;64;20;21
Maidenhead;2;64;20;23
Maidstone;2;64;20;20
Notts County;2;64;20;27
Oldham;2;64;20;21
Scunthorpe;2;64;20;20
Solihull Moors;2;64;20;25
Southend;2;64;20;23
Torquay;2;64;20;20
Wealdstone;2;64;20;24
Woking;2;64;20;25
Wrexham;2;64;20;27
Yeovil;2;64;20;22
York;2;64;20;25
AFC Fylde;2;64;21;20
AFC Telford;2;64;21;14
Alfreton;2;64;21;18
Banbury;2;64;21;21
Blyth Spartans;2;64;21;14
Boston Utd;2;64;21;16
Brackley Town;2;64;21;19
Bradford PA;2;64;21;14
Buxton;2;64;21;15
Chester;2;64;21;16
Chorley;2;64;21;19
Curzon Ashton;2;64;21;17
Darlington;2;64;21;21
Farsley;2;64;21;15
Gloucester;2;64;21;20
Hereford;2;64;21;17
Kettering;2;64;21;15
Kidderminster;2;64;21;19
King's Lynn;2;64;21;21
Leamington;2;64;21;18
Peterborough Sports;2;64;21;18
Scarborough;2;64;21;20
Southport;2;64;21;17
Spennymoor;2;64;21;16
Bath;2;64;22;20
Braintree;2;64;22;19
Chelmsford;2;64;22;20
Cheshunt;2;64;22;14
Chippenham;2;64;22;17
Concord;2;64;22;14
Dartford;2;64;22;21
Dover;2;64;22;18
Dulwich Hamlet;2;64;22;15
Eastbourne Boro;2;64;22;17
Ebbsfleet;2;64;22;21
Farnsborough;2;64;22;15
Hampton & Richmond;2;64;22;16
Havent & W;2;64;22;21
Hemel Hempstead;2;64;22;16
Hungerford;2;64;22;15
Oxford City;2;64;22;17
Slough;2;64;22;18
St. Albans;2;64;22;19
Taunton;2;64;22;16
Tonbridge;2;64;22;18
Welling;2;64;22;19
Weymouth;2;64;22;14
Worthing;2;64;22;20
Flora;2;67;23;24
Kalju;2;67;23;23
Kuressaare;2;67;23;22
Legion;2;67;23;20
Levadia;2;67;23;24
Nerva;2;67;23;22
Paide;2;67;23;23
Parnu JK;2;67;23;20
Tallinna Kalev;2;67;23;21
Tammeka;2;67;23;21
07 Vastur;2;70;24;23
AB Argir;2;70;24;22
B36 Torshavn;2;70;24;24
HB Torshavn;2;70;24;24
Klaksvik;2;70;24;25
NSI Runavik;2;70;24;21
Skala Itotterfelag;2;70;24;21
Streymur;2;70;24;23
Toftir;2;70;24;22
Vikingur Gota;2;70;24;25
AC Oulu;2;72;25;29
Haka;2;72;25;30
HIFK;2;72;25;26
HJK;2;72;25;35
Honka;2;72;25;32
Ilves;2;72;25;28
Inter Turku;2;72;25;30
KuPS;2;72;25;32
Lahti;2;72;25;27
Mariehamn;2;72;25;28
SJK;2;72;25;29
VPS;2;72;25;27
Ajaccio;2;73;26;49
Angers;2;73;26;49
Auxerre;2;73;26;50
Brest;2;73;26;48
Clermont;2;73;26;52
Lens;2;73;26;54
Lille;2;73;26;53
Lorient;2;73;26;55
Lyon;2;73;26;52
Marseille;2;73;26;55
Monaco;2;73;26;54
Montpellier;2;73;26;52
Nantes;2;73;26;49
Nice;2;73;26;51
Paris SG;2;73;26;59
Reims;2;73;26;50
Rennes;2;73;26;53
Strasbourg;2;73;26;50
Toulouse;2;73;26;51
Troyes;2;73;26;51
Amiens;2;73;27;48
Annecy;2;73;27;44
Bastia;2;73;27;46
Bordeaux;2;73;27;49
Caen;2;73;27;47
Dijon;2;73;27;44
Grenoble;2;73;27;47
Guingamp;2;73;27;47
Laval;2;73;27;45
Le Havre;2;73;27;49
Metz;2;73;27;46
Nimes;2;73;27;43
Niort;2;73;27;42
Paris FC;2;73;27;46
Pau FC;2;73;27;45
Quevilly Rouen;2;73;27;45
Rodez;2;73;27;44
Sochaux;2;73;27;48
St Etienne;2;73;27;43
Valenciennes;2;73;27;48
Avranches;2;73;28;39
Bastia-Borgo;2;73;28;35
Bourg en Bresse;2;73;28;37
Chateauroux;2;73;28;41
Cholet;2;73;28;40
Concerneau;2;73;28;42
Dunkerque;2;73;28;42
Le Mans;2;73;28;37
Le Puy-en-Velay;2;73;28;36
Martigues;2;73;28;40
Nancy;2;73;28;38
Orleans;2;73;28;38
Paris 13 Atl.;2;73;28;35
Red Star;2;73;28;39
Sedan;2;73;28;36
Stade Briochin;2;73;28;35
Versailles;2;73;28;41
Villefranche;2;73;28;36
Bolnisi;2;77;29;22
Dila Gori;2;77;29;24
Dinamo Batumi;2;77;29;25
Dinamo Tbilisi;2;77;29;28
Gagra;2;77;29;22
Locomotive T.;2;77;29;21
Saburtalo Tbilisi;2;77;29;23
Samgurali;2;77;29;25
Telavi;2;77;29;23
Torpedo Kutaisi;2;77;29;24
Augsburg;2;78;30;53
Bayern Munich;2;78;30;60
Bochum;2;78;30;49
Dortmund;2;78;30;58
E. Frankfurt;2;78;30;56
Freiburg;2;78;30;55
Hertha Berlin;2;78;30;52
Hoffenheim;2;78;30;53
Koln;2;78;30;55
Leverkusen;2;78;30;51
Mainz;2;78;30;54
Monchengladbach;2;78;30;56
RB Leipzig;2;78;30;56
Schalke;2;78;30;50
Stuttgart;2;78;30;52
Union Berlin;2;78;30;54
Werder Bremen;2;78;30;54
Wolfsburg;2;78;30;53
Arminia Bielefeld;2;78;31;42
Braunschweig;2;78;31;46
Darmstadt;2;78;31;48
Dusseldorf;2;78;31;49
Greuther Furth;2;78;31;43
Hamburger SV;2;78;31;50
Hannover;2;78;31;49
Hansa Rostock;2;78;31;45
Heidenheim;2;78;31;48
Holstein Kiel;2;78;31;47
Kaiserslautern;2;78;31;47
Karlsruher;2;78;31;47
Magdeburg;2;78;31;43
Nurnberg;2;78;31;45
Paderborn;2;78;31;48
Regensburg;2;78;31;44
Sandhausen;2;78;31;44
St. Pauli;2;78;31;46
Aue;2;78;32;30
Bayreuth;2;78;32;29
Dortmund II;2;78;32;29
Duisburg;2;78;32;35
Dynamo Dresden;2;78;32;40
Elversberg;2;78;32;42
Freiburg II;2;78;32;40
Hallescher;2;78;32;30
Ingolstadt;2;78;32;41
Mannheim;2;78;32;38
Meppen;2;78;32;32
Munich 1860;2;78;32;43
Oldenburg;2;78;32;37
Osnabruck;2;78;32;35
RW Essen;2;78;32;34
Saarbrucken;2;78;32;38
Verl;2;78;32;33
Viktoria Koln;2;78;32;36
Wehen;2;78;32;41
Zwickau;2;78;32;31
College 1975;2;80;33;12
Europa;2;80;33;18
Europa Point;2;80;33;15
Glacis United;2;80;33;14
Lincoln Red Imps;2;80;33;17
Lions Gibraltar;2;80;33;13
Lynx;2;80;33;18
Magpies;2;80;33;15
Manchester 62;2;80;33;11
Mons Calpe;2;80;33;12
St Josephs;2;80;33;16
AEK Athens;2;81;34;48
Aris;2;81;34;47
Astras Tripolis;2;81;34;45
Atromitos;2;81;34;46
Giannina;2;81;34;42
Ionikos;2;81;34;41
Lamia;2;81;34;44
Levadiakos;2;81;34;42
OFI Crete;2;81;34;43
Olympiacos;2;81;34;52
Panathinaikos;2;81;34;48
Panetolikos;2;81;34;45
PAOK;2;81;34;46
Volos;2;81;34;47
Debrecen;2;92;35;41
Ferencvaros;2;92;35;49
Honved;2;92;35;40
Kecskemeti;2;92;35;45
Kisvarda;2;92;35;44
Mazokovesd-Zsory;2;92;35;39
MOL Fehervar;2;92;35;42
Paks;2;92;35;43
Puskas Academy;2;92;35;45
Ujpest;2;92;35;43
Vasas;2;92;35;40
Zalaegerszegi;2;92;35;44
Akranes;2;93;36;18
Akureyri;2;93;36;23
Breidablik;2;93;36;24
Fram;2;93;36;20
Hafnarfjordur;2;93;36;18
Keflavik;2;93;36;21
KR Reykjavik;2;93;36;22
Leiknir;2;93;36;19
Stjarnan;2;93;36;22
Valur;2;93;36;23
Vestmannaeyjar;2;93;36;19
Vikingur R.;2;93;36;24
Ashdod;2;98;37;45
Beitar Jerusalem;2;98;37;40
H. Beer Sheva;2;98;37;47
Hapoel Hadera;2;98;37;44
Hapoel Haifa;2;98;37;43
Hapoel Jerusalem;2;98;37;47
Hapoel Tel Aviv;2;98;37;41
Kiryat Shmona;2;98;37;43
Maccabi Bnei Raina;2;98;37;44
Maccabi Haifa;2;98;37;48
Maccabi Tel Aviv;2;98;37;48
Nes Tziona;2;98;37;40
Netanya;2;98;37;42
Sakhnin;2;98;37;46
Atalanta;2;99;38;56
Bologna;2;99;38;53
Cremonese;2;99;38;50
Empoli;2;99;38;54
Fiorentina;2;99;38;52
Hellas;2;99;38;50
Inter;2;99;38;59
Juventus;2;99;38;59
Lazio;2;99;38;57
Lecce;2;99;38;51
Milan;2;99;38;59
Monza;2;99;38;51
Napoli;2;99;38;58
Roma;2;99;38;57
Salernitana;2;99;38;53
Sampdoria;2;99;38;51
Sassuolo;2;99;38;55
Spezia;2;99;38;51
Torino;2;99;38;54
Udinese;2;99;38;55
Ascoli;2;99;39;45
Bari;2;99;39;50
Benevento;2;99;39;42
Brescia;2;99;39;47
Cagliari;2;99;39;47
Cittadella;2;99;39;43
Como;2;99;39;38
Cosenza;2;99;39;44
Frosinone;2;99;39;48
Genoa;2;99;39;50
Modena;2;99;39;46
Palermo;2;99;39;40
Parma;2;99;39;48
Perugia;2;99;39;39
Pisa;2;99;39;40
Reggina;2;99;39;49
Spal;2;99;39;43
Sudtirol;2;99;39;44
Ternana;2;99;39;49
Venezia;2;99;39;41
Aksu;2;103;40;27
Aktobe;2;103;40;29
Akzhayik;2;103;40;20
Astana;2;103;40;31
Atyrau;2;103;40;24
K. Almaty;2;103;40;28
Kaspij Aktau;2;103;40;25
Kyzylzhar;2;103;40;23
Maqtaaral;2;103;40;21
Ordabasy;2;103;40;27
S. Karagandy;2;103;40;26
Taraz;2;103;40;24
Tobol;2;103;40;28
Turan;2;103;40;23
Ballkani;2;108;41;30
Drenica;2;108;41;26
Drita;2;108;41;28
Dukagjini;2;108;41;24
Ferizaj;2;108;41;24
Gjilani;2;108;41;27
Llapi;2;108;41;26
Malisheva;2;108;41;25
Prishtina;2;108;41;27
Trepca 89;2;108;41;25
Auda;2;112;42;25
Daugavpils;2;112;42;27
FK Liepaja;2;112;42;27
Metta/LU;2;112;42;24
RFS;2;112;42;30
Riga FC;2;112;42;29
Spartaks;2;112;42;23
Super Nova;2;112;42;22
Tukums 2000;2;112;42;26
Valmiera;2;112;42;27
Banga;2;118;43;21
Dziugas Telsiai;2;118;43;21
Hegelmann;2;118;43;25
Jonava;2;118;43;20
Kauno Zalgiris;2;118;43;22
Panevezys;2;118;43;24
Riteriai;2;118;43;22
Siauliai;2;118;43;23
Suduva;2;118;43;23
Zalgiris;2;118;43;29
Differdange;2;119;44;21
Dudelange;2;119;44;27
Ettelbruck;2;119;44;18
Fola;2;119;44;17
Hesperange;2;119;44;25
Hostert;2;119;44;17
Jeunesse Esch;2;119;44;21
Kaerjeng;2;119;44;19
Mondercange;2;119;44;20
Mondorf;2;119;44;22
Niedercorn;2;119;44;23
Racing Luxembourg;2;119;44;24
UNA Strassen;2;119;44;19
Union Titus;2;119;44;20
Victoria Rosport;2;119;44;18
Wiltz;2;119;44;18
Balzan;2;126;45;15
Birkirkara;2;126;45;17
Floriana;2;126;45;14
Gudja;2;126;45;16
Gzira;2;126;45;16
Hamrun;2;126;45;17
Hibernians;2;126;45;14
Marsaxlokk;2;126;45;13
Mosta;2;126;45;15
Pieta Hotspurs;2;126;45;11
Santa Lucia;2;126;45;11
Sirens;2;126;45;12
Velletta;2;126;45;13
Zebbug;2;126;45;12
Balti;2;131;46;26
Dacia Buiucani;2;131;46;26
Dinamo Auto;2;131;46;25
Milsami;2;131;46;27
Petrocub;2;131;46;28
Sf.Gheorghe;2;131;46;27
Sheriff Tiraspol;2;131;46;34
Zimbru;2;131;46;25
Arsenal Tivat;2;133;47;22
Budocnost;2;133;47;26
Decic;2;133;47;26
Iskra;2;133;47;21
Jedinstvo;2;133;47;21
Jezero;2;133;47;25
Mornar Bar;2;133;47;20
OFK Petrovac;2;133;47;23
Rudar;2;133;47;22
Sutjeska;2;133;47;24
Ajax;2;140;48;47
AZ Alkmaar;2;140;48;45
Cambuur;2;140;48;38
Excelsior;2;140;48;40
FC Emmen;2;140;48;37
Feyenoord;2;140;48;45
GA Eagles;2;140;48;39
Groningen;2;140;48;39
Heerenveen;2;140;48;44
Nijmegen;2;140;48;40
PSV;2;140;48;47
Sittard;2;140;48;41
Sparta Rotterdam;2;140;48;43
Twente;2;140;48;44
Utrecht;2;140;48;41
Vitesse;2;140;48;38
Volendam;2;140;48;37
Waalwijk;2;140;48;42
Almere City;2;140;49;32
Breda;2;140;49;30
Den Bosch;2;140;49;29
Den Haag;2;140;49;30
Dordrecht;2;140;49;30
Eindhoven;2;140;49;36
Graafschap;2;140;49;28
Helmond;2;140;49;27
Heracles;2;140;49;37
Jogn Ajax;2;140;49;31
Jong AZ;2;140;49;33
Jong PSV;2;140;49;29
Jong Utrecht;2;140;49;27
Maastricht;2;140;49;35
Oss;2;140;49;28
Roda;2;140;49;35
Telstar;2;140;49;31
Venlo;2;140;49;34
Willem II;2;140;49;34
Zwolle;2;140;49;36
Akademija Pandev;2;146;50;24
Bregalnica Stip;2;146;50;25
FK Skopje;2;146;50;23
Makedonija GP;2;146;50;26
Podeba;2;146;50;23
Rabotnicki;2;146;50;25
Shkendija;2;146;50;29
Shkupi;2;146;50;27
Sileks;2;146;50;28
Struga;2;146;50;29
Tikves;2;146;50;28
Ballymena;2;147;51;22
Carrick Rangers;2;147;51;23
Cliftonville;2;147;51;24
Coleraine;2;147;51;23
Crusaders;2;147;51;24
Dungannon;2;147;51;20
Glenavon;2;147;51;21
Glentoran;2;147;51;25
Larne;2;147;51;25
Linfield;2;147;51;22
Newry City;2;147;51;20
Portadown;2;147;51;19
Aalesund;2;149;52;42
Bodo/Glimt;2;149;52;49
Ham-Kam;2;149;52;41
Haugesund;2;149;52;43
Jerv;2;149;52;40
Kristiansund;2;149;52;40
Lillestrom;2;149;52;47
Molde;2;149;52;50
Odd;2;149;52;46
Rosenborg;2;149;52;49
Sandefjord;2;149;52;41
Sarpsborg 08;2;149;52;44
Stromsgodet;2;149;52;43
Tromso;2;149;52;46
Valarenga;2;149;52;47
Viking;2;149;52;45
Asane;2;149;53;34
Brann;2;149;53;41
Bryne;2;149;53;32
Fredrikstad;2;149;53;33
Grorud;2;149;53;31
KFUM Oslo;2;149;53;38
Kongsvinger;2;149;53;37
Mjondalen;2;149;53;35
Ranheim;2;149;53;35
Raufoss;2;149;53;34
Sandnes;2;149;53;36
Skeid;2;149;53;31
Sogndal;2;149;53;36
Stabaek;2;149;53;39
Start;2;149;53;37
Stjordais Blink;2;149;53;30
Cracovia;2;158;54;42
G. Zabrze;2;158;54;41
Jagiellonia;2;158;54;43
Korona;2;158;54;39
Lech;2;158;54;46
Lechia;2;158;54;39
Legia;2;158;54;45
Miedz;2;158;54;38
Mielec;2;158;54;43
Piast Gliwice;2;158;54;40
Plock;2;158;54;45
Pogon;2;158;54;44
Radomiak;2;158;54;41
Rakow;2;158;54;47
Slask;2;158;54;40
Warta;2;158;54;42
Widzew;2;158;54;44
Zaglebie;2;158;54;41
Arka Gdynia;2;158;55;37
Chojniczanka;2;158;55;31
Chrobry;2;158;55;34
G. Leczna;2;158;55;31
Katowice;2;158;55;37
LKS Lodz;2;158;55;39
Nieciecza;2;158;55;34
Odra Opole;2;158;55;29
Podbeskidzie;2;158;55;36
Puszcza;2;158;55;37
Resovia;2;158;55;34
Ruch Chorzow;2;158;55;38
Sandecja;2;158;55;29
Skra;2;158;55;30
Sosnowiec;2;158;55;35
Stal Rzeszow;2;158;55;35
Tychy;2;158;55;37
Wisla Krakow;2;158;55;39
Garbarnia;2;158;56;22
Hutnik;2;158;56;19
Jastrzebie;2;158;56;25
Kalisz;2;158;56;27
Kotwica;2;158;56;27
Lubin 2;2;158;56;24
Motor;2;158;56;20
Olimpia;2;158;56;24
Polkowice;2;158;56;23
Polonia;2;158;56;26
Poznan 2;2;158;56;19
Pulawy;2;158;56;26
Radunia;2;158;56;21
Siarka;2;158;56;21
Siedlce;2;158;56;20
Stomil;2;158;56;23
Wroclaw 2;2;158;56;22
Znicz;2;158;56;25
Arouca;2;159;57;49
Benfica;2;159;57;56
Boavista;2;159;57;53
Braga;2;159;57;53
Casa Pia;2;159;57;52
Chaves;2;159;57;50
Estoril;2;159;57;52
Famalicao;2;159;57;46
Ferreira;2;159;57;45
Gil Vicente;2;159;57;47
Guimaraes;2;159;57;51
Maritimo;2;159;57;44
Portimonense;2;159;57;51
Porto;2;159;57;56
Rio Ave;2;159;57;47
Santa Clara;2;159;57;46
Sporting;2;159;57;55
Vizela;2;159;57;48
Academico Viseu;2;159;58;36
Benfica B;2;159;58;37
BSAD;2;159;58;32
Covilha;2;159;58;33
Estrela;2;159;58;41
Farense;2;159;58;42
Feirense;2;159;58;39
Leixoes;2;159;58;37
Mafra;2;159;58;36
Moreirense;2;159;58;43
Nacional;2;159;58;34
Oliveirense;2;159;58;34
Penafiel;2;159;58;38
Porto B;2;159;58;39
Tondela;2;159;58;40
Torreense;2;159;58;35
Trofense;2;159;58;35
Vilafranquense;2;159;58;42
Bohemians;2;162;59;23
Derry City;2;162;59;25
Drogheda;2;162;59;22
Dundalk;2;162;59;25
Finn Harps;2;162;59;21
Shamrock;2;162;59;29
Shelbourne;2;162;59;23
Sligo Rovers;2;162;59;24
St. Patricks;2;162;59;24
UC Dublin;2;162;59;20
Arges;2;164;60;40
Botosani;2;164;60;39
Chindia Targoviste;2;164;60;36
Cluj;2;164;60;43
Farul Constanta;2;164;60;42
FCSB;2;164;60;42
Hermannstadt;2;164;60;42
Mioveni;2;164;60;35
Petrolul;2;164;60;40
Rapid Bucuresti;2;164;60;43
Sepsi Sf. Gheorghe;2;164;60;41
U. Cluj;2;164;60;37
U. Craiova 1948;2;164;60;38
Univ. Craiova;2;164;60;42
UTA Arad;2;164;60;39
Voluntari;2;164;60;41
Akhmat Grozny;2;165;61;45
CSKA;2;165;61;47
Dynamo Moscow;2;165;61;45
Fakel Voronezh;2;165;61;41
FK Rostov;2;165;61;48
Khimki;2;165;61;40
Krasnodar;2;165;61;46
Krylya Sovetov;2;165;61;41
Lokomotiv;2;165;61;41
Nizhny Novgorod;2;165;61;43
Orenburg;2;165;61;44
Sochi;2;165;61;46
Spartak;2;165;61;47
Torpedo;2;165;61;40
Ural;2;165;61;42
Zenit;2;165;61;48
Akron Togliatti;2;165;62;31
Alania Vladikavkaz;2;165;62;41
Arsenal Tula;2;165;62;38
Baltika;2;165;62;39
D. Makhachkala;2;165;62;35
Kamaz;2;165;62;39
Khabarovsk;2;165;62;35
Krasnodar 2;2;165;62;32
Kuban;2;165;62;33
Neftekhimik;2;165;62;34
Rodina;2;165;62;30
Rubin Kazan;2;165;62;40
Shinnik;2;165;62;36
Ufa;2;165;62;34
Ulyanovsk;2;165;62;29
Vels Moscow;2;165;62;30
Volgar-Astrakhan;2;165;62;37
Yenisey;2;165;62;38
Cailungo;2;172;63;14
Cosmos;2;172;63;19
Domagnano;2;172;63;14
Faetano;2;172;63;15
Fiorentino;2;172;63;13
Folgore;2;172;63;16
Juvenes/Dogana;2;172;63;15
La Fiorita;2;172;63;20
Libertas;2;172;63;17
Murata;2;172;63;16
Pennarossa;2;172;63;18
San Giovanni;2;172;63;17
Tre Fiori;2;172;63;18
Tre Penne;2;172;63;19
Virtus;2;172;63;20
Aberdeen;2;175;64;45
Celtic;2;175;64;53
Dundee Utd;2;175;64;41
Hearts;2;175;64;45
Hibernians;2;175;64;45
Kilmarnock;2;175;64;41
Livingston;2;175;64;44
Motherwell;2;175;64;43
Rangers;2;175;64;53
Ross County;2;175;64;40
St Johnstone;2;175;64;42
St Mirren;2;175;64;44
Arbroath;2;175;65;35
Ayr;2;175;65;39
Cove Rangers;2;175;65;36
Dundee Utd;2;175;65;39
Hamilton;2;175;65;34
Inverness;2;175;65;40
Morton;2;175;65;38
Partick Thistle;2;175;65;40
Queen's Park;2;175;65;37
Raith;2;175;65;36
Airdrieonians;2;175;66;29
Alloa;2;175;66;30
Clyde;2;175;66;27
Dunfermline;2;175;66;33
Edinburgh;2;175;66;32
Falkirk;2;175;66;31
Kelty Hearts;2;175;66;27
Montrose;2;175;66;31
Peterhead;2;175;66;26
Queen of South;2;175;66;28
Albion Rovers;2;175;67;20
Annan;2;175;67;21
Bonnyrigg Rose;2;175;67;22
Dumbarton;2;175;67;24
East Fife;2;175;67;24
Elgin City;2;175;67;23
Forfar Athletic;2;175;67;21
Stenhousemuir;2;175;67;23
Stirling;2;175;67;25
Stranraer;2;175;67;22
Backa Topola;2;177;68;46
Crvena Zvezda;2;177;68;49
Cukaricki;2;177;68;45
Javor;2;177;68;38
Kolubara;2;177;68;41
Mladost;2;177;68;37
Mladost GAT;2;177;68;36
Napredak;2;177;68;40
Novi Pazar;2;177;68;44
Partizan;2;177;68;48
Radnicki 1923;2;177;68;40
Radnicki Nis;2;177;68;39
Radnik;2;177;68;35
Sp. Subotica;2;177;68;39
Vojvodina;2;177;68;44
Vozdovac;2;177;68;42
Banska Bystrica;2;182;69;40
Dun. Streda;2;182;69;43
Michalovce;2;182;69;39
Mikulas;2;182;69;36
Moravce-Vrable;2;182;69;37
Podbrezova;2;182;69;41
Ruzomberok;2;182;69;42
Skalica;2;182;69;38
Slovan Bratislava;2;182;69;45
Trencin;2;182;69;40
Trnava;2;182;69;44
Zilina;2;182;69;41
Bravo;2;183;70;35
Celje;2;183;70;38
Domzale;2;183;70;36
Koper;2;183;70;38
Maribor;2;183;70;40
Murata;2;183;70;37
ND Gorica;2;183;70;34
O. Ljubljana;2;183;70;40
Radomlje;2;183;70;35
Tabor Sezana;2;183;70;34
Almeria;2;188;71;50
Ath. Bilbao;2;188;71;58
Atl. Madrid;2;188;71;59
Barcelona;2;188;71;59
Cadiz;2;188;71;49
Celta Vigo;2;188;71;54
Elche;2;188;71;48
Espanyol;2;188;71;51
Getafe;2;188;71;50
Girona;2;188;71;51
Mallorca;2;188;71;53
Osasuna;2;188;71;55
Rayo Vallecano;2;188;71;54
Real Betis;2;188;71;57
Real Madrid;2;188;71;60
Real Sociedad;2;188;71;56
Sevilla;2;188;71;53
Valencia;2;188;71;55
Valladolid;2;188;71;52
Villarreal;2;188;71;55
Alaves;2;188;72;47
Albacete;2;188;72;47
Andorra;2;188;72;43
Burgos;2;188;72;46
Cartagena;2;188;72;45
Eibar;2;188;72;46
Gijon;2;188;72;44
Granada;2;188;72;45
Huesca;2;188;72;44
Las Palmas;2;188;72;48
Leganes;2;188;72;40
Levante;2;188;72;43
Lugo;2;188;72;39
Malaga;2;188;72;39
Mirandes;2;188;72;38
Ponferradina;2;188;72;41
R. Oviedo;2;188;72;39
Racing Santander;2;188;72;41
Tenerife;2;188;72;40
UD Ibiza;2;188;72;40
Villarreal B;2;188;72;42
Zaragoza;2;188;72;42
AIK;2;192;73;47
Deferfors;2;192;73;41
Djurgarden;2;192;73;47
Elsfborg;2;192;73;45
Goteborg;2;192;73;46
Hacken;2;192;73;45
Hammarby;2;192;73;46
Helsingborg;2;192;73;42
Kalmar;2;192;73;45
Malmo;2;192;73;48
Mjallby;2;192;73;44
Norrkoping;2;192;73;42
Sirius;2;192;73;42
Sundsvall;2;192;73;40
Varberg;2;192;73;41
Varnamo;2;192;73;43
Brage;2;192;74;37
Brommapojkarna;2;192;74;40
Dalkurd;2;192;74;31
Eskilstuna;2;192;74;36
Halmstad;2;192;74;39
Jonkoping;2;192;74;32
Landskrona;2;192;74;35
Norrby;2;192;74;31
Orebro;2;192;74;34
Orgryte;2;192;74;32
Oster;2;192;74;38
Ostersund;2;192;74;30
Skovde AIK;2;192;74;37
Trelleborg;2;192;74;36
Utsikten;2;192;74;34
Vasteras;2;192;74;33
Basel;2;193;75;50
Grasshoppers;2;193;75;48
Lugano;2;193;75;46
Luzern;2;193;75;42
Servette;2;193;75;48
Sion;2;193;75;47
St. Gallen;2;193;75;47
Winterthur;2;193;75;41
Young Boys;2;193;75;50
Zurich;2;193;75;43
Aarau;2;193;76;38
Bellinzona;2;193;76;34
Lausanne;2;193;76;40
Laussane Ouchy;2;193;76;39
Schaffhausen;2;193;76;31
Thun;2;193;76;33
Vaduz;2;193;76;32
Wil;2;193;76;36
Xamax;2;193;76;33
Yverdon;2;193;76;35
Adana Demirspor;2;204;77;47
Alanyaspor;2;204;77;43
Ankaragucu;2;204;77;40
Antalyaspor;2;204;77;39
Basaksehir;2;204;77;49
Besiktas;2;204;77;51
Fenerbahce;2;204;77;50
Galatasaray;2;204;77;50
Gaziantep;2;204;77;44
Giresunspor;2;204;77;41
Hatayspor;2;204;77;39
Istanbulspor;2;204;77;41
Karagumruk;2;204;77;42
Kasimpasa;2;204;77;43
Kayserispor;2;204;77;44
Konyaspor;2;204;77;46
Sivasspor;2;204;77;40
Trabzonspor;2;204;77;48
Umraniuespor;2;204;77;37
Adanaspor;2;204;78;26
Altay;2;204;78;25
Altinordu;2;204;78;27
Bandirmaspor;2;204;78;31
Boluspor;2;204;78;35
Bordumspor;2;204;78;34
Denizlispor;2;204;78;24
Erzurumspor;2;204;78;28
Eyupspor;2;204;78;36
Genclerbirligi;2;204;78;25
Goztepe;2;204;78;26
Keciorengucu;2;204;78;36
Manisa;2;204;78;29
Pendikspo;2;204;78;35
Rizespor;2;204;78;34
Sakaryaspor;2;204;78;30
Samsunspor;2;204;78;32
Tuzlaspor;2;204;78;29
Yeni Malatyaspor;2;204;78;24
Ch. Odessa;2;209;79;39
Dnipro-1;2;209;79;51
Dynamo Kiev;2;209;79;52
Inhulets;2;209;79;40
Kolos Kovalivka;2;209;79;49
Kryvbas;2;209;79;39
Lviv;2;209;79;42
Metalist 1925;2;209;79;45
Metalist Kharkiv;2;209;79;49
Minaj;2;209;79;43
Oleksandriya;2;209;79;46
Rukh Lviv;2;209;79;41
Shaktar Donetsk;2;209;79;53
Veres-Rivne;2;209;79;47
Vorskla Poltava;2;209;79;44
Zorya Luhansk;2;209;79;48
Aberystwyth;2;218;80;19
Airbus;2;218;80;17
Bala;2;218;80;21
Caernarfon;2;218;80;20
Cardiff Metro;2;218;80;20
Connahs;2;218;80;22
Flint;2;218;80;19
Haverfordwest;2;218;80;18
Newtown;2;218;80;18
Penybont;2;218;80;22
Pontypridd;2;218;80;17
TNS;2;218;80;24
Aldosivi;2;9;81;41
Argentinos Jrs;2;9;81;52
Arsenal Sarandi;2;9;81;43
Atl. Tucuman;2;9;81;51
Banfield;2;9;81;46
Barracas Central;2;9;81;45
Boca Juniors;2;9;81;55
Central Cordoba;2;9;81;48
Colon Santa Fe;2;9;81;44
Defensa y Justicia;2;9;81;50
Estudiantes L.P.;2;9;81;45
Gimnasia L.P.;2;9;81;53
Godoy Cruz;2;9;81;51
Huracan;2;9;81;51
Indepediente;2;9;81;50
Lanus;2;9;81;42
Newells Old Boys;2;9;81;53
Patronato;2;9;81;51
Platense;2;9;81;49
Racing Club;2;9;81;55
River Plate;2;9;81;54
Rosasio Central;2;9;81;44
San Lorenzo;2;9;81;52
Sarmiento Junin;2;9;81;48
Telleres Cordoba;2;9;81;49
Tigre;2;9;81;54
Union de Santa Fe;2;9;81;47
Velez Sarsfield;2;9;81;43
Always Ready;2;25;82;43
Aurora;2;25;82;40
Blooming;2;25;82;37
Bolivar;2;25;82;43
Guabira;2;25;82;40
Indep. Petrolero;2;25;82;36
Nacional Patosi;2;25;82;42
Oriente Petrolero;2;25;82;41
Palmafior;2;25;82;39
Royal Pari;2;25;82;38
Santa Cruz;2;25;82;36
The Strongest;2;25;82;44
Tomayapo;2;25;82;37
U. Cucre;2;25;82;35
U. de Vinto;2;25;82;35
Wilstermann;2;25;82;38
America MG;2;29;83;53
Athletico-PR;2;29;83;54
Atletico GO;2;29;83;46
Atletico-MG;2;29;83;53
Avai;2;29;83;45
Botafogo;2;29;83;51
Bragantino;2;29;83;50
Ceara;2;29;83;48
Corinthians;2;29;83;56
Coritiba;2;29;83;48
Cuiaba;2;29;83;47
Flamego;2;29;83;56
Fluminense;2;29;83;54
Fortaleza;2;29;83;52
Goias;2;29;83;49
Internacional;2;29;83;55
Juventude;2;29;83;45
Palmeiras;2;29;83;54
Santos;2;29;83;55
Sao Paulo;2;29;83;50
Bahia;2;29;84;43
Brusque;2;29;84;35
Chapecoense;2;29;84;37
CRB;2;29;84;40
Criciuma;2;29;84;41
Cruzeiro;2;29;84;44
CSA;2;29;84;36
Gremio;2;29;84;43
Guarani;2;29;84;38
Ituano;2;29;84;41
Londrina;2;29;84;40
Nautico;2;29;84;35
Novorizontino;2;29;84;37
Operario;2;29;84;36
Ponte Preta;2;29;84;39
Sampaio Correa;2;29;84;42
Sport Recife;2;29;84;42
Tombense;2;29;84;38
Vasco;2;29;84;45
Vila Nova;2;29;84;39
A. Italiano;2;42;85;42
Antofagasta;2;42;85;34
Cobresal;2;42;85;42
Colo Colo;2;42;85;46
Coquimbo;2;42;85;33
Curico Unido;2;42;85;43
Everton (CHI);2;42;85;41
Huachipato;2;42;85;36
La Serena;2;42;85;35
Nublense;2;42;85;43
O'Higgins;2;42;85;39
Palestino;2;42;85;38
U. Catolica;2;42;85;40
U. De Chile;2;42;85;35
U. Espanola;2;42;85;38
Union La Calera;2;42;85;37
Aguilas;2;45;86;40
America De Cali;2;45;86;32
Atl. Nacional;2;45;86;41
Bucaramanga;2;45;86;30
Cortulua;2;45;86;26
Dep. Cali;2;45;86;27
Dep. Pasto;2;45;86;40
Deportes Tolima;2;45;86;29
Envigado;2;45;86;29
Ind. Madellin;2;45;86;37
Jaguares de Cordoba;2;45;86;28
Junior;2;45;86;34
La Equidad;2;45;86;30
Millonarios;2;45;86;38
Once Caldas;2;45;86;36
Patriotas;2;45;86;27
Pereira;2;45;86;33
Petrolera;2;45;86;28
Santa Fe;2;45;86;36
U. Magdalena;2;45;86;35
Aucas;2;61;87;40
Barcelona S.C.;2;61;87;38
Cumbaya;2;61;87;35
Delfin;2;61;87;35
Dep. Cuenca;2;61;87;37
Emelec;2;61;87;38
Gualaceo;2;61;87;34
Guayaquil City;2;61;87;36
Ind. Del Valle;2;61;87;39
LDU Quito;2;61;87;42
Macara;2;61;87;33
Mushuc Runa;2;61;87;34
Nueve de Octubre;2;61;87;33
Orense;2;61;87;36
Tecnico U.;2;61;87;37
U. Catolica;2;61;87;39
12 de Octubre;2;155;88;35
Ameliano;2;155;88;36
Cerro Porteno;2;155;88;41
General Caballero;2;155;88;40
Guairena;2;155;88;41
Guarani;2;155;88;39
Libertad Asuncion;2;155;88;42
Nacional Asuncion;2;155;88;42
Olimpia Asuncion;2;155;88;45
Resistencia;2;155;88;37
Sol de America;2;155;88;36
Tacuary;2;155;88;40
AD Cantolao;2;156;89;30
ADT Tarma;2;156;89;31
Alianza Atl.;2;156;89;35
Alianza Lima;2;156;89;37
Ayacucho;2;156;89;28
Binacional;2;156;89;33
Cajamarca;2;156;89;32
Carlos Mannucci;2;156;89;29
Carlos Stein;2;156;89;27
Cesar Vallejo;2;156;89;37
Cienciano;2;156;89;31
Dep. Municipal;2;156;89;29
FBC Melgar;2;156;89;36
Grau;2;156;89;38
Sport Boys;2;156;89;33
Sport Huancayo;2;156;89;34
Sporting Cristal;2;156;89;38
U. de Deportes;2;156;89;36
U. San Martin;2;156;89;27
Albion;2;212;90;35
Boston River;2;212;90;34
Cerrito;2;212;90;29
Cerro Largo;2;212;90;37
Danubio;2;212;90;40
Defensor Sp.;2;212;90;38
Fenix;2;212;90;36
Liverpool M.;2;212;90;40
Maldonado;2;212;90;42
Montevideo City;2;212;90;31
Nacional;2;212;90;44
Penarol;2;212;90;36
Plaza Colonia;2;212;90;32
Rentistas;2;212;90;30
River Plate (URU);2;212;90;41
Wanderers;2;212;90;30
Aragua;2;216;91;25
Carabobo;2;216;91;33
Caracas;2;216;91;28
Dep. Tachira;2;216;91;31
Estudiantes Merida;2;216;91;29
Hermanos Colmenarez;2;216;91;30
La Guaira;2;216;91;32
Lara;2;216;91;28
Metropolitanos;2;216;91;35
Mineros;2;216;91;27
Monagas;2;216;91;34
Portuguesa;2;216;91;29
Puerto Cabello;2;216;91;31
Univesidad Central;2;216;91;26
Zamora;2;216;91;35
Zulia;2;216;91;26
Atl. Ottawa;2;37;92;25
Cavalry;2;37;92;23
Edmonton;2;37;92;22
Forge;2;37;92;25
HFX Wanderers;2;37;92;22
Pacific FC;2;37;92;23
Valour;2;37;92;24
York Utd;2;37;92;21
AD Santos;2;50;93;20
Alajuelense;2;50;93;22
Guadalupe;2;50;93;20
Guancasteca;2;50;93;19
Herediano;2;50;93;24
Sporting San Jose;2;50;93;23
Cartagines;2;50;94;22
Grecia;2;50;94;25
Puntarenas;2;50;94;26
San Carlos;2;50;94;24
Saprissa;2;50;94;26
Zeledon;2;50;94;23
Antigua;2;85;95;20
Coban Imperial;2;85;95;21
Comunicaciones;2;85;95;21
Deportivo Achuapa;2;85;95;19
Deportivo Mixco;2;85;95;15
Guastatoya;2;85;95;17
Iztapa;2;85;95;16
Malacateco;2;85;95;20
Municipal;2;85;95;18
Santa Lucia;2;85;95;15
Xelaju;2;85;95;17
Xinabajul;2;85;95;16
America des Cayes;2;89;96;22
Arcahaie;2;89;96;26
Baltimore;2;89;96;26
Capoise;2;89;96;24
Cavaly;2;89;96;22
Cosmopolites;2;89;96;17
Don Bosco;2;89;96;19
Fica;2;89;96;17
Juventus (HAI);2;89;96;20
Mirebalais;2;89;96;16
Oaunaminthe;2;89;96;18
Racing des Gonaives;2;89;96;16
Racing Haitien;2;89;96;25
Real du Cap;2;89;96;21
Rivartibonitienne;2;89;96;19
Tempete;2;89;96;21
Triomphe Liancourt;2;89;96;24
Violette;2;89;96;23
Honduras Progreso;2;90;97;20
Marathon;2;90;97;24
Montagua;2;90;97;27
Olancho;2;90;97;23
Olimpia;2;90;97;26
Real Espana;2;90;97;25
Real Sociedad (HON);2;90;97;18
UPNFM;2;90;97;21
Victoria;2;90;97;22
Vida;2;90;97;25
Atl. San Luis;2;130;98;37
Atlas;2;130;98;34
Club America;2;130;98;44
Club Leon;2;130;98;39
Club Tijuana;2;130;98;36
Cruz Azul;2;130;98;42
Guadalajara Chivas;2;130;98;40
Juarez;2;130;98;39
Mazatlan;2;130;98;37
Monterrey;2;130;98;44
Necaxa;2;130;98;38
Pachuca;2;130;98;43
Puebla;2;130;98;41
Queretaro;2;130;98;34
Santos Laguna;2;130;98;43
Toluca;2;130;98;42
UANL Tigres;2;130;98;45
UNAM Pumas;2;130;98;35
Atlanta Utd;2;211;99;33
Austin;2;211;99;42
CF Montreal;2;211;99;42
Charlotte;2;211;99;35
Chicago Fire;2;211;99;33
Colorado Rapids;2;211;99;34
Columbus Crew;2;211;99;37
Dallas;2;211;99;43
DC United;2;211;99;31
FC Cincinnati;2;211;99;41
Houston Dynamo;2;211;99;31
Inter Miami;2;211;99;39
Kansas City;2;211;99;32
LA Galaxy;2;211;99;42
Los Angeles FC;2;211;99;42
Minnesota United;2;211;99;39
Nashville;2;211;99;41
NE Revolution;2;211;99;34
New York City;2;211;99;42
NY Red Bulls;2;211;99;40
Orlando City;2;211;99;38
Philadelphia Union;2;211;99;44
Portland Timbers;2;211;99;36
Real Salt Lake;2;211;99;38
San Jose;2;211;99;31
Seattle Sounders;2;211;99;32
Toronto;2;211;99;32
Vancouver Whitecaps;2;211;99;36
Atlanta Utd 2;2;211;100;23
Birmingham;2;211;100;29
Charleston;2;211;100;24
Colorado Springs;2;211;100;21
Detroit;2;211;100;27
El Paso;2;211;100;18
FC Tulsa;2;211;100;26
Hartford Athletic;2;211;100;25
Indy Eleven;2;211;100;26
LA Galaxy 2;2;211;100;15
Las Vegas Lights;2;211;100;17
Loudoun;2;211;100;24
Louisville City;2;211;100;30
Memphis;2;211;100;30
Miami FC;2;211;100;27
Monterey Bay;2;211;100;16
New Mexico;2;211;100;19
NY Red Bulls 2;2;211;100;23
Oakland Roots;2;211;100;18
Orange County;2;211;100;15
Phoenix Rising;2;211;100;16
Pittsburgh;2;211;100;28
Rio Grande;2;211;100;19
Sacramento Republic;2;211;100;20
San Antonio;2;211;100;22
San Diego Loyal;2;211;100;21
Tampa Bay;2;211;100;29
Arba;2;3;101;39
ASO Chief;2;3;101;35
Biskra;2;3;101;36
Chelghoum;2;3;101;30
Constantine;2;3;101;40
CR Belouizdad;2;3;101;40
El Bayadh;2;3;101;35
ES Setif;2;3;101;33
Kabylie;2;3;101;31
Khenchela;2;3;101;38
Magra;2;3;101;34
MC Alger;2;3;101;36
Oran;2;3;101;31
Paradou;2;3;101;33
Saoura;2;3;101;32
USM Alger;2;3;101;38
Academica;2;6;102;34
Bravos do Maquis;2;6;102;29
CD Lunda Sul;2;6;102;32
CRD Libolo;2;6;102;36
Cuando Cubango;2;6;102;30
Desportivo Huila;2;6;102;33
Dragao;2;6;102;31
Interclube;2;6;102;35
Isaac de Benguela;2;6;102;32
Petro Atletico;2;6;102;34
Primeiro de Agosto;2;6;102;33
Sagrada;2;6;102;28
Santa Rita;2;6;102;29
Sporting de Benguela;2;6;102;31
Sporting de Cabinda;2;6;102;35
Wiliete;2;6;102;36
Aigle Royal;2;36;103;23
APEJES Academy;2;36;103;19
Avion Academy;2;36;103;23
Bamboutos;2;36;103;22
Bamenda;2;36;103;24
Canon Yaounde;2;36;103;28
Colombe;2;36;103;29
Cotonsport;2;36;103;26
Dragon de Yaounde;2;36;103;20
Eding Sport;2;36;103;29
Fauve Azur;2;36;103;22
Feutcheu;2;36;103;27
Fortuna Mfou;2;36;103;21
Fovu Baham;2;36;103;20
Gazelle;2;36;103;19
Les Astres;2;36;103;21
Renaissance;2;36;103;26
Stade Renard;2;36;103;28
UMS de Loum;2;36;103;25
Union Douala;2;36;103;22
Yafoot;2;36;103;18
Yong Sports Academy;2;36;103;18
AC Kuya;2;48;104;33
AC Rangers;2;48;104;28
AS Vita Club;2;48;104;26
Blessing;2;48;104;34
Celeste;2;48;104;30
Dauphins Noirs;2;48;104;28
Don Bosco;2;48;104;29
Etoile de Kivu;2;48;104;27
Groupe Bazano;2;48;104;31
JSK;2;48;104;34
Lubumbashi Sport;2;48;104;35
Maniema;2;48;104;35
Mazambe;2;48;104;37
Motema Pembe;2;48;104;26
Renaissance;2;48;104;25
Sanga Balende;2;48;104;31
Simba;2;48;104;33
St Eloi Lupopo;2;48;104;27
Tshinkunku;2;48;104;32
US Panda;2;48;104;33
Academie de FAD;2;51;105;29
AS Denguele;2;51;105;31
ASEC Mimosas;2;51;105;32
ASI d'Abengourou;2;51;105;24
Bassam;2;51;105;27
Bouake;2;51;105;27
ES Bafing;2;51;105;28
Korhogo;2;51;105;25
Lys Sassandra;2;51;105;31
Racing d'Abidjan;2;51;105;24
San Pedro;2;51;105;29
SO Armee;2;51;105;26
SOL;2;51;105;28
Sporting Gagnoa;2;51;105;30
Stade d Abidjan;2;51;105;33
Stella Adjame;2;51;105;32
Al Ahly;2;62;106;44
Al Ittihad;2;62;106;42
Al Masry;2;62;106;40
Arab Constructors;2;62;106;42
Aswan;2;62;106;35
Ceramica Cleopatra;2;62;106;33
El Daklyeh;2;62;106;36
El Gaish;2;62;106;38
El Ismaily;2;62;106;41
Enppi;2;62;106;39
Future;2;62;106;34
Ghazl El Mahallah;2;62;106;39
Haras El Hodood;2;62;106;38
National Bank Egypt;2;62;106;34
Pharco;2;62;106;35
Pyramids;2;62;106;36
Smouha;2;62;106;37
Zamalek;2;62;106;37
Ashanti;2;86;107;34
Elephant Coleah;2;86;107;28
Fello Star;2;86;107;31
Flamme Olympique;2;86;107;29
Hafia;2;86;107;33
Horoya;2;86;107;36
Kaloum Star;2;86;107;32
Kamsar;2;86;107;34
Loubha;2;86;107;28
Milo FC;2;86;107;34
Satellite;2;86;107;30
SOAR;2;86;107;35
Squence;2;86;107;32
Wakriya;2;86;107;33
BEA Mountain;2;115;108;35
Cece United;2;115;108;29
Freeport;2;115;108;27
Heaven Eleven;2;115;108;29
Invincible Eleven;2;115;108;30
Jubilee;2;115;108;28
LISCR FC;2;115;108;34
LPRC Oiler;2;115;108;31
Mighty Barrolle;2;115;108;33
Muscat;2;115;108;32
Nimba Kwado;2;115;108;31
Nimba United;2;115;108;28
Sandi;2;115;108;30
Watanga;2;115;108;35
Berkane;2;135;109;35
Chebab Mohammedia;2;135;109;38
Difaa El Jadidi;2;135;109;39
FAR Rabat;2;135;109;43
FUS Rabat;2;135;109;43
Hassania Agadir;2;135;109;40
IR Tanger;2;135;109;34
Jeunesse Sportive;2;135;109;41
Maghreb Fez;2;135;109;37
Moghreb Tetouan;2;135;109;39
Mouloudia Oujda;2;135;109;37
Olympiqe Khouribga;2;135;109;36
Olympique de Safi;2;135;109;42
Raja Casablanca;2;135;109;36
Union Touarga;2;135;109;40
Wydad;2;135;109;45
Abia Warriors;2;145;110;32
Akwa United;2;145;110;34
Dakkada;2;145;110;31
Enugu Rangers;2;145;110;39
Enyimba;2;145;110;36
Gombe;2;145;110;35
Heartland;2;145;110;29
Kano Pillars;2;145;110;29
Katsina Utd;2;145;110;30
Kwara;2;145;110;39
Lobi Stars;2;145;110;31
MFM FC;2;145;110;28
Nasarawa;2;145;110;37
Niger Tornadoes;2;145;110;32
Plateau United;2;145;110;40
Remo Stars;2;145;110;38
Rivers United;2;145;110;40
Shooting;2;145;110;30
Sunshine Stars;2;145;110;33
Wikki Tourist;2;145;110;34
Casa;2;176;111;35
Dakar S.C.;2;176;111;35
Diambars;2;176;111;28
Douanes;2;176;111;28
Excellence;2;176;111;27
Generation F.;2;176;111;36
Guediawaye;2;176;111;27
Jaraaf;2;176;111;31
Linguere;2;176;111;32
Mbour;2;176;111;34
Pikine;2;176;111;26
Sonacos;2;176;111;29
Teungueth;2;176;111;33
US Goree;2;176;111;30
AmaZulu;2;186;112;36
Cape Town City;2;186;112;35
Chippa Utd;2;186;112;37
Golden Arrows;2;186;112;37
Kaizer Chiefs;2;186;112;43
Mamelodi Sundowns;2;186;112;41
Maritzburg Utd;2;186;112;34
Marumo Gallants;2;186;112;33
Orlando Pirates;2;186;112;42
Richards Bay;2;186;112;41
Royal AM;2;186;112;36
Sekhukhune;2;186;112;34
Stellenbosch;2;186;112;38
Supersport Utd;2;186;112;40
Swallows;2;186;112;33
TS Galaxy;2;186;112;35
Ahli Khartoum;2;190;113;30
Ahli Shendi;2;190;113;34
Al Shorta;2;190;113;31
Al Wadi;2;190;113;24
Al Zoma;2;190;113;25
Al-Ahly Merowe;2;190;113;27
Alamal Atbara;2;190;113;29
Alfalah Atbra;2;190;113;29
Al-Hilal Omdurman;2;190;113;32
Al-Merreikh;2;190;113;26
Haidob Al Nuhod;2;190;113;27
Hay Al-Arab;2;190;113;31
Hilal Alsahil;2;190;113;25
Hilal El-Fasher;2;190;113;34
Kober;2;190;113;30
Rabita Kosti;2;190;113;27
Tuti;2;190;113;28
Wad Nobawi;2;190;113;23
Azam;2;197;114;30
Coastal Union;2;197;114;25
Dodoma Jiji;2;197;114;23
Geita Gold;2;197;114;24
Ihefu;2;197;114;23
Kagera Sugar;2;197;114;25
Kinondoni MC;2;197;114;29
Mbeya City;2;197;114;28
Mtibwa Sugar;2;197;114;26
Namungo;2;197;114;30
Polisi Tanzania;2;197;114;22
Ruvu Shooting;2;197;114;28
Simba;2;197;114;31
Singida Big Star;2;197;114;26
Tanzania Prisons;2;197;114;27
Young Africans;2;197;114;31
Ben Guerdane;2;203;115;35
Bizertin;2;203;115;39
Chebba;2;203;115;41
Club Africain;2;203;115;31
CS Sfaxien;2;203;115;37
Espeance Tunis;2;203;115;38
Etoile Sahel;2;203;115;41
Hamam-Sousse;2;203;115;36
Metlaoui;2;203;115;30
Monastir;2;203;115;31
Olympique Beja;2;203;115;30
Rejiche;2;203;115;33
Sidi Bouzid;2;203;115;32
Slimane;2;203;115;36
Stade Tunisien;2;203;115;40
US Tataouine;2;203;115;39
Buildcon;2;220;116;25
Chambishi;2;220;116;26
FC Muza;2;220;116;30
Forest Rangers;2;220;116;36
Green Buffaloes;2;220;116;34
Green Eagles;2;220;116;31
Kabwe;2;220;116;28
Kansanshi;2;220;116;29
Lumwana Radiants;2;220;116;32
NAPSA Stars;2;220;116;29
Nchanga Rangers;2;220;116;35
Nkana;2;220;116;26
Nkwazi;2;220;116;27
Power Dynamos;2;220;116;36
Prison Leopards;2;220;116;37
Red Arrows;2;220;116;38
Zanaco;2;220;116;30
ZESCO;2;220;116;28
Adelaide United;2;12;117;33
Brisbane Roar;2;12;117;28
CC Mariners;2;12;117;32
Macarthur;2;12;117;30
Melbourne City;2;12;117;36
Melbourne Victory;2;12;117;35
Newcastle Jets;2;12;117;29
Perth Glory;2;12;117;27
Sydney;2;12;117;30
Wellington Phoenix;2;12;117;32
Western United;2;12;117;34
WS Wanderers;2;12;117;28
Beijing Guoan;2;43;118;29
Cangzhou;2;43;118;26
Changchun Yatai;2;43;118;27
Chengdu Rongcheng;2;43;118;28
Dalian Pro;2;43;118;26
Guangzhou;2;43;118;24
Guangzhou City;2;43;118;24
Hebei;2;43;118;23
Henan Songshan;2;43;118;30
Meizhou Hakka;2;43;118;29
Shandong Taishan;2;43;118;32
Shanghai Port;2;43;118;31
Shanghai Shenhua;2;43;118;31
Shenzhen;2;43;118;25
Tianjin Jinmen;2;43;118;27
Wuhan FC;2;43;118;25
Wuhan Three Towns;2;43;118;32
Zhejiang Prof.;2;43;118;30
Eastern AA;2;91;119;30
HK Rangers;2;91;119;27
HK U23;2;91;119;27
Hong Kong FC;2;91;119;32
Kitchee;2;91;119;34
Lee Man Warriors;2;91;119;30
Resources Capital;2;91;119;29
Sham Shui Po;2;91;119;26
Southern District;2;91;119;31
Tai Po;2;91;119;28
ATK Mohun Bagan;2;94;120;30
Bengaluru FC;2;94;120;26
Chennaiyin;2;94;120;24
East Bengal;2;94;120;23
Goa;2;94;120;24
Hyderabad;2;94;120;31
Jamshedpur;2;94;120;32
Kerala Blasters;2;94;120;28
Mumbai City;2;94;120;28
North East Utd;2;94;120;23
Odisha;2;94;120;25
Aluminium Arak;2;96;121;33
Esteghlal FC;2;96;121;37
Foolad;2;96;121;38
Gol Gohar;2;96;121;35
Havadar;2;96;121;32
Malavan;2;96;121;30
Mes Kerman;2;96;121;30
Mes Rafsanjan;2;96;121;34
Nassaji Mazandaran;2;96;121;36
Neft MIS;2;96;121;31
Paykan;2;96;121;31
Persepolis;2;96;121;37
Sanat Naft;2;96;121;29
Sepahan;2;96;121;36
Tractor;2;96;121;35
Zob Ahan;2;96;121;32
Al Diwaniya;2;97;122;21
Al Kahraba;2;97;122;27
Al Karkh;2;97;122;25
Al Naft;2;97;122;22
Al Najaf;2;97;122;23
Al Quwa Al Jawiya;2;97;122;31
Al Sinaah;2;97;122;20
Al Talaba;2;97;122;29
Al Wasat;2;97;122;23
Al Zawraa;2;97;122;26
Al-Hudod;2;97;122;29
Al-Qassim;2;97;122;21
Al-Shorta;2;97;122;28
Duhok;2;97;122;28
Erbil;2;97;122;22
Karbala;2;97;122;25
Naft Al-Basra;2;97;122;28
Naft Missan;2;97;122;26
Newroz;2;97;122;24
Zakho;2;97;122;25
Avispa Fukuoka;2;101;123;32
Cerezo Osaka;2;101;123;38
FC Tokyo;2;101;123;37
Gamba Osaka;2;101;123;31
Hokkaido Consadole;2;101;123;34
Iwata;2;101;123;30
Kashima Antlers;2;101;123;37
Kashiwa Reysol;2;101;123;36
Kawasaki Frontale;2;101;123;39
Kyoto;2;101;123;32
Nagoya Grampus;2;101;123;35
Sagan Tosu;2;101;123;36
Sanfrecce Hiroshima;2;101;123;38
Shimizu S-Pulse;2;101;123;31
Shonan Bellmare;2;101;123;33
Urawa Reds;2;101;123;36
Vissel Kobe;2;101;123;35
Yokohama Marinos;2;101;123;40
Albirex Niigata;2;101;124;31
Blaublitz;2;101;124;25
Chiba;2;101;124;26
Grulla Morioka;2;101;124;20
Kanazwa;2;101;124;23
Kofu;2;101;124;21
Kumamoto;2;101;124;29
Kusatsu;2;101;124;21
Machida;2;101;124;24
Mito;2;101;124;24
Montedio Yamagata;2;101;124;27
Oita Trinita;2;101;124;29
Okayama;2;101;124;29
Omiya Ardija;2;101;124;21
Renofa Yamaguchi;2;101;124;23
Ryukyu;2;101;124;20
Tochigi;2;101;124;22
Tokushima;2;101;124;28
Vegalta Sendai;2;101;124;27
Verdy;2;101;124;26
V-Varen Nagasaki;2;101;124;25
Yokohama FC;2;101;124;30
Al Hussein;2;102;125;34
Al Jazeera Amman;2;102;125;29
Al Ramtha;2;102;125;32
Al Salt;2;102;125;31
Al Sareeh;2;102;125;28
Al Wehdat;2;102;125;35
Al-Faisaly Amman;2;102;125;35
Aqaba;2;102;125;33
Maan;2;102;125;30
Moghayer Al Sarhan;2;102;125;30
Sahab;2;102;125;32
Shabab Al Ordon;2;102;125;34
Daegu;2;107;126;34
Gangwon;2;107;126;37
Gimcheon Sangmu;2;107;126;33
Incheon;2;107;126;38
Jeju Utd;2;107;126;37
Joenbuk;2;107;126;39
Pohang;2;107;126;39
Seongnam;2;107;126;32
Seoul;2;107;126;35
Suwon Bluewings;2;107;126;33
Suwon FC;2;107;126;36
Ulsan Hyundai;2;107;126;39
Johor DT;2;123;127;32
Kedah;2;123;127;28
Kuala Lumpur City;2;123;127;30
Melaka United;2;123;127;27
Negeri Sembilan;2;123;127;30
Penang;2;123;127;25
Petaling Jaya;2;123;127;27
Sabah;2;123;127;31
Sarawak Utd;2;123;127;26
Selangor;2;123;127;30
Sri Pahang;2;123;127;29
Terengganu;2;123;127;31
Azkals;2;157;128;30
Cebu FC;2;157;128;32
Kaya;2;157;128;33
Maharlika;2;157;128;29
Mendiola;2;157;128;30
Stallion;2;157;128;31
United City;2;157;128;31
Al Ahli Doha;2;161;129;35
Al Arabi;2;161;129;37
Al Markhiya;2;161;129;33
Al Rayyan;2;161;129;30
Al Sailiya;2;161;129;31
Al Wakra;2;161;129;37
Al-Duhail;2;161;129;36
Al-Gharafa;2;161;129;36
Al-Sadd;2;161;129;33
Qatar S.C.;2;161;129;33
Shamal;2;161;129;34
Umm-Salal;2;161;129;32
Abha;2;174;130;34
Al Adalh;2;174;130;32
Al Batin;2;174;130;30
Al Feiha;2;174;130;31
Al Khaleej;2;174;130;31
Al Taee;2;174;130;35
Al Wehda;2;174;130;32
Al-Ettifaq;2;174;130;34
Al-Fateh;2;174;130;34
Al-Hilal;2;174;130;39
Al-Ittihad;2;174;130;39
Al-Nassr;2;174;130;37
Al-Raed;2;174;130;33
Al-Shabab;2;174;130;38
Al-Taawon;2;174;130;36
Damac;2;174;130;35
Albirex Niigata;2;180;131;30
Balestier Khalsa;2;180;131;25
Geylang;2;180;131;27
Hougang;2;180;131;25
Lion City;2;180;131;28
Tampines;2;180;131;28
Tanjong Pagar;2;180;131;26
Young Lions;2;180;131;24
CSKA Pomir;2;196;132;31
Eskhata;2;196;132;29
Faizkand;2;196;132;31
Istiqlol Dushanbe;2;196;132;34
Istravshan;2;196;132;30
Khatlon;2;196;132;32
Khujand;2;196;132;32
Ragar-TadAZ;2;196;132;27
Ravshan;2;196;132;33
Ravshan Zafarabad;2;196;132;28
Bangkok Utd;2;198;133;34
Buriram;2;198;133;35
Changrai Utd;2;198;133;31
Chonburi;2;198;133;35
Khonkaen Utd;2;198;133;27
Lampang;2;198;133;28
Lamphun Warrior;2;198;133;26
Muang Thong Utd;2;198;133;28
Nakhon Ratchasima;2;198;133;30
Nong Bua Pitchaya;2;198;133;27
Pathum United;2;198;133;33
Police Tero;2;198;133;29
Port MTI;2;198;133;31
Prachuap;2;198;133;30
Ratcharburi;2;198;133;32
Sukhothai;2;198;133;30
Ahal;2;205;134;33
Altyn Asyr;2;205;134;31
Energetik;2;205;134;26
FC Asgabat;2;205;134;27
Kopetdag Asgabat;2;205;134;30
Merw;2;205;134;29
Nabitci;2;205;134;25
Sagadam;2;205;134;29
Ajman;2;210;135;31
Al Ain;2;210;135;33
Al Bataeh;2;210;135;32
Al Dhafra;2;210;135;27
Al Jazira;2;210;135;36
Al Nasr;2;210;135;29
Al Sharjah;2;210;135;37
Al Wahda;2;210;135;33
Al Wasl;2;210;135;37
Bani Yas;2;210;135;29
Dibba Al Fujairah;2;210;135;27
Ittihad Kalba;2;210;135;34
Khorfakkan;2;210;135;28
Shabab Al-Ahli;2;210;135;35
AGMK;2;214;136;35
Bunyodkor;2;214;136;35
Din. Samarkand;2;214;136;28
Kokand 1912;2;214;136;29
Lok. Tashkent;2;214;136;31
Metallurg Bekabad;2;214;136;33
Nasaf Qarshi;2;214;136;38
Navbahor Namagan;2;214;136;38
Neftchi Fargona;2;214;136;34
Olympic;2;214;136;32
Pakhtakor;2;214;136;37
Qizilqum;2;214;136;36
Sogdiana;2;214;136;36
Termez Surkhon;2;214;136;29
Bing Ding;2;217;137;32
Bing Duong;2;217;137;29
Da Nang;2;217;137;27
Gia Lai;2;217;137;28
Hai Phong;2;217;137;34
Hanoi FC;2;217;137;34
Ho Chi Minh;2;217;137;25
Hong Ling Ha Tinh;2;217;137;26
Nam Dinh;2;217;137;27
Sai Gon FC;2;217;137;25
Song Lam Nghe An;2;217;137;30
Thank Hoa;2;217;137;30
Viettel;2;217;137;31
Ba;2;71;138;5
Labasa;2;71;138;5
Lautoka;2;71;138;7
Nadi;2;71;138;6
Nadroga;2;71;138;4
Nasinu;2;71;138;2
Navua;2;71;138;4
Rewa;2;71;138;8
Suva;2;71;138;8
Tailevu Naitasiri;2;71;138;3
AS Mont-Dore;2;141;139;6
Baco;2;141;139;1
Dumbea;2;141;139;2
Hienghene Sport;2;141;139;9
Horizon Patho;2;141;139;3
Kunie;2;141;139;5
Lossi;2;141;139;1
Magenta;2;141;139;7
Ne Drehu;2;141;139;6
Qanono;2;141;139;4
Tiga Sport;2;141;139;8
Wetr;2;141;139;5
Auckland City;2;142;140;28
Auckland United;2;142;140;21
Birkenhead;2;142;140;24
Cashmere Technical;2;142;140;20
Christchurch;2;142;140;19
Melville;2;142;140;18
Miramar;2;142;140;18
Napier City;2;142;140;22
W. Phoenix 2;2;142;140;20
Wellington Olympic;2;142;140;23
AS Mataiea;2;195;141;1
AS Pueu;2;195;141;5
Central;2;195;141;6
Dragon;2;195;141;11
Excelsior;2;195;141;2
Olympic Mahina;2;195;141;4
Pirae;2;195;141;10
Punaruu;2;195;141;8
Tefana;2;195;141;8
Temanava;2;195;141;5
Tiare Tahiti;2;195;141;2
Venus;2;195;141;9
